{"2020AJ....160..279K": 2021.0, "2020ApJ...901..152R": 2020.8333333333333, "2020ApJ...902..122K": 2020.8333333333333, "2020MNRAS.499.5447K": 2021.0, "2021AJ....162..131M": 2021.8333333333333, "2021AJ....162..155X": 2021.8333333333333, "2021AJ....162..184K": 2021.9166666666667, "2021AJ....162..282M": 2022.0, "2021ApJ...923..177S": 2022.0, "2021PASP..133d4201M": 2021.3333333333333, "2021arXiv211101159K": 2021.9166666666667, "2021arXiv211202026A": 2022.0, "2022A&A...657A.129A": 2022.0833333333333, "2022ApJ...924...84C": 2022.0833333333333, "2022MNRAS.511.4801B": 2022.3333333333333, "2022MNRAS.tmp..249K": 2022.0833333333333, "2022arXiv220103661S": 2022.0833333333333, "2020AJ....160...36D": 2020.5833333333333}