{"2020AJ....160..279K": 2021.0, "2020ApJ...901..152R": 2020.8333333333333, "2020ApJ...902..122K": 2020.8333333333333, "2020MNRAS.499.5447K": 2021.0, "2021AJ....162..131M": 2021.8333333333333, "2021AJ....162..155X": 2021.8333333333333, "2021AJ....162..184K": 2021.9166666666667, "2021AJ....162..282M": 2022.0, "2021ApJ...923..177S": 2022.0, "2021PASP..133d4201M": 2021.3333333333333, "2021arXiv211101159K": 2021.9166666666667, "2021arXiv211202026A": 2022.0, "2022A&A...657A.129A": 2022.0833333333333, "2022ApJ...924...84C": 2022.0833333333333, "2022MNRAS.511.4801B": 2022.3333333333333, "2022MNRAS.tmp..249K": 2022.0833333333333, "2022arXiv220103661S": 2022.0833333333333, "2020AJ....160...36D": 2020.5833333333333, "2023ApJ...957L...3P": 2023.9166666666667, "2022ApJ...934...58J": 2022.5833333333333, "2022ApJ...935..140H": 2022.6666666666667, "2023ApJ...954L...4K": 2023.75, "2023MNRAS.518.5997R": 2023.1666666666667, "2023arXiv230606172L": 2023.5, "2023arXiv231000202S": 2023.75, "2022A&A...664A..78F": 2022.6666666666667, "2022AJ....163..152S": 2022.3333333333333, "2022ApJS..259...35A": 2022.3333333333333, "2022EPJWC.26500009K": 2022.3333333333333, "2022MNRAS.512..617K": 2022.4166666666667, "2022MNRAS.513.5799P": 2022.5833333333333, "2022MNRAS.517..161K": 2022.9166666666667, "2022PASP..134d2001M": 2022.3333333333333, "2022RMxAA..58..333Y": 2022.8333333333333, "2022arXiv220310007W": 2022.25, "2023A&A...674A.175K": 2023.5, "2023AJ....165...51R": 2023.1666666666667, "2023AJ....165..182K": 2023.3333333333333, "2023AJ....166...88W": 2023.75, "2023ASPC..534..129W": 2023.5833333333333, "2023ApJS..266...10K": 2023.4166666666667, "2023MNRAS.520.4981K": 2023.3333333333333, "2023MNRAS.521.1700M": 2023.4166666666667, "2023MNRAS.523..169S": 2023.5833333333333, "2023arXiv231111454C": 2023.9166666666667, "2024MNRAS.527.3806K": 2024.0833333333333, "2022ApJ...941..193C": 2023.0, "2023MNRAS.523.4326I": 2023.6666666666667, "2023RAA....23k5015A": 2023.9166666666667, "2024arXiv241202846M": 2025.0, "2024arXiv241204548L": 2025.0, "2025A&A...694A.171M": 2025.1666666666667, "2025ApJ...978..131W": 2025.0833333333333, "2025ApJ...979..183I": 2025.1666666666667, "2025ApJ...980...84F": 2025.1666666666667, "2025ApJ...980..121S": 2025.1666666666667, "2025arXiv250205048L": 2025.1666666666667, "2024A&A...689A.128L": 2024.75, "2024A&A...690A.182D": 2024.8333333333333, "2024A&A...691A.145M": 2024.9166666666667, "2024A&A...691A.270E": 2024.9166666666667, "2024ApJ...969L..13W": 2024.5833333333333, "2024ApJ...969L..18A": 2024.5833333333333, "2024ApJ...971..140B": 2024.6666666666667, "2024ApJ...974...14S": 2024.8333333333333, "2024ApJ...974...84G": 2024.8333333333333, "2024ApJ...974..128U": 2024.8333333333333, "2024ApJ...974..147L": 2024.8333333333333, "2024ApJ...975..178K": 2024.9166666666667, "2024IJMPD..3340004E": 2024.0, "2024JCAP...08..025H": 2024.6666666666667, "2024MNRAS.531.2245L": 2024.5, "2024MNRAS.531.4584S": 2024.5833333333333, "2024MNRAS.531.4974Z": 2024.5833333333333, "2024MNRAS.533.1907B": 2024.75, "2024OJAp....7E..72R": 2024.75, "2024arXiv240500504M": 2024.4166666666667, "2024arXiv240508522E": 2024.4166666666667, "2024arXiv240704777K": 2024.5833333333333, "2024arXiv240803379C": 2024.6666666666667, "2024arXiv240812713S": 2024.6666666666667, "2024arXiv240918605D": 2024.75, "2024arXiv241006257M": 2024.8333333333333, "2024arXiv241011035M": 2024.8333333333333, "2024arXiv241013958D": 2024.8333333333333, "2024arXiv241017916T": 2024.8333333333333, "2024arXiv241024224E": 2024.8333333333333, "2024arXiv241104446C": 2024.9166666666667, "2024arXiv241112005L": 2024.9166666666667, "2024arXiv241201828T": 2025.0, "2025A&A...693A.176B": 2025.0833333333333, "2025A&A...693A.295B": 2025.0833333333333, "2025ApJ...978...98S": 2025.0833333333333, "2025ApJ...978..164Y": 2025.0833333333333, "2025MNRAS.536..851C": 2025.0833333333333, "2025MNRAS.537.2273C": 2025.25, "2025MNRAS.537.2559H": 2025.25, "2025OJAp....8E...9J": 2025.0833333333333, "2025OJAp....8E..11M": 2025.0833333333333, "2025arXiv250102748F": 2025.0833333333333, "2025arXiv250113082J": 2025.0833333333333, "2025arXiv250200574O": 2025.1666666666667, "2024arXiv240300074L": 2024.1666666666667, "2024ApJ...964..154P": 2024.3333333333333, "2024ApJ...966L..30M": 2024.4166666666667, "2024ApJ...969...69L": 2024.5833333333333, "2024ApJ...976...96P": 2024.9166666666667, "2024RNAAS...8..153G": 2024.5, "2024arXiv240610329D": 2024.5, "2024arXiv241203653I": 2025.0, "2025ApJ...980...36L": 2025.1666666666667, "2024AcAau.225....1W": 2025.0, "2025AcAau.229..831H": 2025.3333333333333, "2024AJ....167..125S": 2024.25, "2024AJ....167..173S": 2024.3333333333333, "2024ApJ...968...68S": 2024.5, "2024ApJ...971L..12B": 2024.6666666666667, "2024MNRAS.533..395L": 2024.75, "2024MNRAS.535.1000Y": 2024.9166666666667, "2024PrPNP.13404083C": 2024.0833333333333, "2024RASTI...3..771A": 2024.0833333333333, "2024arXiv241205806T": 2025.0, "2024A&A...687A.180R": 2024.5833333333333, "2024AJ....168...60F": 2024.6666666666667, "2024AJ....168..232W": 2025.0, "2024MNRAS.530..457C": 2024.4166666666667}