{"2020AJ....160..279K": 2021.0, "2020ApJ...901..152R": 2020.8333333333333, "2020ApJ...902..122K": 2020.8333333333333, "2020MNRAS.499.5447K": 2021.0, "2021AJ....162..131M": 2021.8333333333333, "2021AJ....162..155X": 2021.8333333333333, "2021AJ....162..184K": 2021.9166666666667, "2021AJ....162..282M": 2022.0, "2021ApJ...923..177S": 2022.0, "2021PASP..133d4201M": 2021.3333333333333, "2021arXiv211101159K": 2021.9166666666667, "2021arXiv211202026A": 2022.0, "2022A&A...657A.129A": 2022.0833333333333, "2022ApJ...924...84C": 2022.0833333333333, "2022MNRAS.511.4801B": 2022.3333333333333, "2022MNRAS.tmp..249K": 2022.0833333333333, "2022arXiv220103661S": 2022.0833333333333, "2020AJ....160...36D": 2020.5833333333333, "2023ApJ...957L...3P": 2023.9166666666667, "2022ApJ...934...58J": 2022.5833333333333, "2022ApJ...935..140H": 2022.6666666666667, "2023ApJ...954L...4K": 2023.75, "2023MNRAS.518.5997R": 2023.1666666666667, "2023arXiv230606172L": 2023.5, "2023arXiv231000202S": 2023.75, "2022A&A...664A..78F": 2022.6666666666667, "2022AJ....163..152S": 2022.3333333333333, "2022ApJS..259...35A": 2022.3333333333333, "2022EPJWC.26500009K": 2022.3333333333333, "2022MNRAS.512..617K": 2022.4166666666667, "2022MNRAS.513.5799P": 2022.5833333333333, "2022MNRAS.517..161K": 2022.9166666666667, "2022PASP..134d2001M": 2022.3333333333333, "2022RMxAA..58..333Y": 2022.8333333333333, "2022arXiv220310007W": 2022.25, "2023A&A...674A.175K": 2023.5, "2023AJ....165...51R": 2023.1666666666667, "2023AJ....165..182K": 2023.3333333333333, "2023AJ....166...88W": 2023.75, "2023ASPC..534..129W": 2023.5833333333333, "2023ApJS..266...10K": 2023.4166666666667, "2023MNRAS.520.4981K": 2023.3333333333333, "2023MNRAS.521.1700M": 2023.4166666666667, "2023MNRAS.523..169S": 2023.5833333333333, "2023arXiv231111454C": 2023.9166666666667, "2024MNRAS.527.3806K": 2024.0833333333333, "2022ApJ...941..193C": 2023.0, "2023MNRAS.523.4326I": 2023.6666666666667, "2023RAA....23k5015A": 2023.9166666666667}